bill_number,contractor_name,gross_amount,tds_rate,security_rate,other_deductions,net_amount
BILL-79598,Contractor H,1696380.24,2.7,3.8,6998.01,1579117.5144
BILL-53536,Contractor J,498582.81,4.8,3.0,17069.57,442623.78082
BILL-96659,Contractor I,653740.64,2.3,3.0,24063.51,595028.8760800001
BILL-84251,Contractor F,3654625.17,2.6,7.9,21423.94,3249465.58715
BILL-69065,Contractor H,344892.33,0.9,3.6,32245.22,297126.95515
